INSERT INTO Artist (name, bio, profilepiclink)
VALUES ('Playboi Carti', 'Jordan Terrell Carter, known professionally as Playboi Carti, is an American rapper.', 'https://firebasestorage.googleapis.com/v0/b/moseeqify.appspot.com/o/carti.jpg?alt=media&token=d1378bc2-85e1-4acd-aa1f-c8257c66e7a9');
   
                      
INSERT INTO Album (name, artistID, releasedate, coverimagelink)
VALUES ('Whole Lotta Red', 1, '2020-12-25', 'https://firebasestorage.googleapis.com/v0/b/moseeqify.appspot.com/o/whole%20lotta%20red.png?alt=media&token=907fd3f4-4927-43b4-9b3e-432e90213712');

INSERT INTO Genre (genreName)
    VALUES ('Hip Hop');

INSERT INTO Song (title, artistID, albumID, genreName, duration, audiolink)
VALUES 
('Rockstar Made', 1, 1, 'Hip Hop', '00:03:35', 'https://firebasestorage.googleapis.com/v0/b/moseeqify.appspot.com/o/Rockstar%20Made.mp3?alt=media&token=a0e99151-a865-4c23-adee-c99a58efd76e'),
('Go2DaMoon', 1, 1, 'Hip Hop', '00:03:03', 'https://firebasestorage.googleapis.com/v0/b/moseeqify.appspot.com/o/Go2DaMoon.mp3?alt=media&token=53e4bff8-7765-4d9e-8649-949de333d534'),
('Stop Breathing', 1, 1, 'Hip Hop', '00:02:11', 'https://firebasestorage.googleapis.com/v0/b/moseeqify.appspot.com/o/Stop%20Breathing.mp3?alt=media&token=506f35ea-f021-40b3-a970-f3cdd671f1ad'),
('Beno!', 1, 1, 'Hip Hop', '00:02:32', 'https://firebasestorage.googleapis.com/v0/b/moseeqify.appspot.com/o/Beno!.mp3?alt=media&token=5a6e57e7-1c0b-4eb0-9411-623dfe2fdc0a'),
('JumpOutTheHouse', 1, 1, 'Hip Hop', '00:01:33', 'https://firebasestorage.googleapis.com/v0/b/moseeqify.appspot.com/o/JumpOutTheHouse.mp3?alt=media&token=9fceffe4-2170-40cd-b160-fd1cf324d8e3'),
('M3tamorphosis', 1, 1, 'Hip Hop', '00:03:26', 'https://firebasestorage.googleapis.com/v0/b/moseeqify.appspot.com/o/M3tamorphosis.mp3?alt=media&token=4bef6321-2da6-435f-a51c-c5c84dd4fe9a'),
('Slay3r', 1, 1, 'Hip Hop', '00:02:38', 'https://firebasestorage.googleapis.com/v0/b/moseeqify.appspot.com/o/Slay3r.mp3?alt=media&token=6fdb19b9-d66b-4560-929b-84cd34f371e1'),
('No Sl33p', 1, 1, 'Hip Hop', '00:02:00', 'https://firebasestorage.googleapis.com/v0/b/moseeqify.appspot.com/o/No%20Sl33p.mp3?alt=media&token=6662906a-00e8-4e31-a090-98d7e94eaa69'),
('New Tank', 1, 1, 'Hip Hop', '00:03:20', 'https://firebasestorage.googleapis.com/v0/b/moseeqify.appspot.com/o/New%20Tank.mp3?alt=media&token=6ad77335-8f4d-41d5-91b7-b3a5c5c61b64'),
('Teen X', 1, 1, 'Hip Hop', '00:02:43', 'https://firebasestorage.googleapis.com/v0/b/moseeqify.appspot.com/o/Teen%20X.mp3?alt=media&token=86512e5e-ccde-4302-b90c-b4df678cf348'),
('Meh', 1, 1, 'Hip Hop', '00:02:57', 'https://firebasestorage.googleapis.com/v0/b/moseeqify.appspot.com/o/Meh.mp3?alt=media&token=7c5142f3-cbb8-4a55-83a6-ea1c289f9a2c'),
('Vamp Anthem', 1, 1, 'Hip Hop', '00:02:06', 'https://firebasestorage.googleapis.com/v0/b/moseeqify.appspot.com/o/Vamp%20Anthem.mp3?alt=media&token=e8f128e9-fe5e-4c4d-861b-ae7c6d740051'),
('New N3on', 1, 1, 'Hip Hop', '00:02:24', 'https://firebasestorage.googleapis.com/v0/b/moseeqify.appspot.com/o/New%20N3on.mp3?alt=media&token=14304046-5fdc-439b-bf43-3f3495e0e229'),
('Control', 1, 1, 'Hip Hop', '00:03:17', 'https://firebasestorage.googleapis.com/v0/b/moseeqify.appspot.com/o/Control.mp3?alt=media&token=43ca73fb-0c2c-4124-82d8-1e3fcf49d870'),
('Punk Monk', 1, 1, 'Hip Hop', '00:03:13', 'https://firebasestorage.googleapis.com/v0/b/moseeqify.appspot.com/o/Punk%20Monk.mp3?alt=media&token=6f8c6a54-70d0-45fb-8083-58b909e5c444'),
('On That Time', 1, 1, 'Hip Hop', '00:02:53', 'https://firebasestorage.googleapis.com/v0/b/moseeqify.appspot.com/o/On%20That%20Time.mp3?alt=media&token=aa1d44ac-7ca2-4aef-974c-befaa537445d'),
('King Vamp', 1, 1, 'Hip Hop', '00:03:06', 'https://firebasestorage.googleapis.com/v0/b/moseeqify.appspot.com/o/King%20Vamp.mp3?alt=media&token=0d23cd51-4995-4b9b-92f7-db8859bbd452'),
('Place', 1, 1, 'Hip Hop', '00:03:43', 'https://firebasestorage.googleapis.com/v0/b/moseeqify.appspot.com/o/Place.mp3?alt=media&token=fa980804-862a-489e-80f4-4748b3d1319d'),
('Sky', 1, 1, 'Hip Hop', '00:02:57', 'https://firebasestorage.googleapis.com/v0/b/moseeqify.appspot.com/o/Sky.mp3?alt=media&token=c7c83856-ebc8-49c8-b135-10cd5d00f2c2'),
('Over', 1, 1, 'Hip Hop', '00:03:15', 'https://firebasestorage.googleapis.com/v0/b/moseeqify.appspot.com/o/Over.mp3?alt=media&token=20186298-b878-447d-95f0-7b5f4d8e7fc1'),
('ILoveUIHateU',1, 1, 'Hip Hop', '00:02:47', 'https://firebasestorage.googleapis.com/v0/b/moseeqify.appspot.com/o/ILoveUIHateU.mp3?alt=media&token=326f81a1-b6f6-4dd9-b77e-7d200f907290'),
('Die4Guy',1, 1, 'Hip Hop', '00:03:25', 'https://firebasestorage.googleapis.com/v0/b/moseeqify.appspot.com/o/Die4Guy.mp3?alt=media&token=c2e2020c-a62d-4fcd-ab72-50586e153569'),
('Not PLaying', 1, 1, 'Hip Hop', '00:02:43', 'https://firebasestorage.googleapis.com/v0/b/moseeqify.appspot.com/o/Not%20PLaying.mp3?alt=media&token=fcaa73d0-e6e5-44cc-b57f-204f00a5383c'),
('F33l Lik3 Dyin',1, 1,'Hip Hop', '00:03:15', 'https://firebasestorage.googleapis.com/v0/b/moseeqify.appspot.com/o/F33l%20Lik3%20Dyin.mp3?alt=media&token=63658368-e9d8-4daf-b6e7-e67d6ff829ac');


INSERT INTO Artist (name, bio, profilepiclink)
VALUES 
    ('Lil Mussi W', 'WE UP NIGGA.', 'https://firebasestorage.googleapis.com/v0/b/moseeqify.appspot.com/o/lil%20mussi%20w.jpg?alt=media&token=08e5afe6-528a-4eb1-a1ab-abdc738cac2b')



INSERT INTO Genre (genreName)
VALUES 
    ('Rap')

	

INSERT INTO Album (name, artistID, releasedate, coverimagelink)
VALUES 
    ('PAN DI PHUSSI', 2, '2023-04-30', 'https://firebasestorage.googleapis.com/v0/b/moseeqify.appspot.com/o/Screenshot_2023-04-29-22-57-59-681-edit_com.picsart.studio.jpg?alt=media&token=b7f1e891-76ed-49b0-9213-ffbcde0b5db1')


INSERT INTO Song (title, artistID, albumID, genreName, duration, audiolink, releaseDate)
VALUES 
    ('Default Mic', 2, 2, 'Rap', '00:01:29', 'https://firebasestorage.googleapis.com/v0/b/moseeqify.appspot.com/o/Mustafa%20G.M%20-%20default%20mic%20%5Bprod.%20HeyyLotus%5D%202023-04-29%2010_32.m4a?alt=media&token=1b4b8d49-56c0-4340-beae-e859f22c9e343', '2023-04-30')


INSERT INTO Playlist (NAME, username) VALUES ('Ammad Ki Playlist', 'nashanul')


INSERT INTO PlaylistSongs (playlistID,songID) values 
	(1,76),(1,77),(1,78),(1,79)


INSERT INTO Artist (name, bio, profilepiclink) VALUES
('Sidhu Moose Wala', 'Punjabi singer, lyricist, rapper and actor associated with Punjabi music and Punjabi cinema.', 'https://firebasestorage.googleapis.com/v0/b/moseeqify.appspot.com/o/sidhu.jpg?alt=media&token=a124f84a-f9e3-472d-9d8f-d29f68df0f01'),
('Karan Aujla', 'Indian singer, lyricist, and rapper known for his work in Punjabi music.', 'https://firebasestorage.googleapis.com/v0/b/moseeqify.appspot.com/o/karan.jpeg?alt=media&token=6863bea4-4888-498f-a876-4c5a11ee44db');

INSERT INTO Genre (genreName) VALUES
('Punjabi');

INSERT INTO Album (name, artistID, releasedate, coverimagelink)
VALUES 
    ('Moosetape', (SELECT artistID FROM Artist WHERE name = 'Sidhu Moose Wala'), '2021-05-15', 'https://firebasestorage.googleapis.com/v0/b/moseeqify.appspot.com/o/moosetape.jpg?alt=media&token=f064396f-ac62-4e01-8350-c26d30d70ca5'),
    ('BTFU', (SELECT artistID FROM Artist WHERE name = 'Karan Aujla'), '2021-09-15', 'https://firebasestorage.googleapis.com/v0/b/moseeqify.appspot.com/o/karan-album.jpeg?alt=media&token=8507537c-0239-49f7-8e6f-ed45ef6a3720/btfu.png?alt=media&token=45678901-4567-4567-4567-456789012345');


INSERT INTO Song (title, artistID, albumID, genreName, duration, audiolink)
VALUES 
('295', (SELECT artistID FROM artist WHERE name = 'Sidhu Moose Wala'), (SELECT albumID FROM album WHERE name = 'Moosetape'), 'Hip Hop', '00:04:32', 'https://firebasestorage.googleapis.com/v0/b/moseeqify.appspot.com/o/295%20(Official%20Audio)%20%20Sidhu%20Moose%20Wala%20%20The%20Kidd%20%20Moosetape-n_FCrCQ6-bA-160k-1657239416482.mp3?alt=media&token=3f40a97f-29c3-4c8e-b4e0-34a63d5f073a'),
('0 To 100', (SELECT artistID FROM artist WHERE name = 'Sidhu Moose Wala'), (SELECT albumID FROM album WHERE name = 'Moosetape'), 'Hip Hop', '00:01:48', 'https://firebasestorage.googleapis.com/v0/b/moseeqify.appspot.com/o/0%20TO%20100%20%20Sidhu%20Moose%20Wala%20%20Official%20Visual%20Video%20%20Mxrci%20%20New%20Song%202022-pHtHF5Amw8Q-160k-1657318275924.mp3?alt=media&token=f7b34a6e-8635-430b-a2b8-e517ca6c8e71'),
('8 CYLINDER', (SELECT artistID FROM artist WHERE name = 'Sidhu Moose Wala'), (SELECT albumID FROM album WHERE name = 'BTFU'), 'Hip Hop', '00:03:13', 'https://firebasestorage.googleapis.com/v0/b/moseeqify.appspot.com/o/8%20CYLINDER%20(Full%20Song)%20Sidhu%20Moose%20Wala%20%20Latest%20Punjabi%20Songs%202020-MiCk8UoPl1Y-160k-1657322067774.mp3?alt=media&token=5e1d678b-1c6f-4dde-94a1-b80c3c0db4e9'),
('BLOOD LUST', (SELECT artistID FROM artist WHERE name = 'Sidhu Moose Wala'), (SELECT albumID FROM album WHERE name = 'Moosetape'), 'Hip Hop', '00:02:39', 'https://firebasestorage.googleapis.com/v0/b/moseeqify.appspot.com/o/BLOODLUST%20%20Sidhu%20Moose%20Wala%20%20Mr%20Capone%20%20Snappy%20%20Official%20Visual%20Video%20%20New%20Song%202022-GauAxW3x2l4-160k-1657318472643.mp3?alt=media&token=6163fa50-0cbe-4b1b-b52e-83f7dc96fbfa'),
('Bachk Bachke', (SELECT artistID FROM artist WHERE name = 'Karan Aujla'), (SELECT albumID FROM album WHERE name = 'BTFU'), 'Hip Hop', '00:03:53', 'https://firebasestorage.googleapis.com/v0/b/moseeqify.appspot.com/o/Bachke%20Bachke%20(Full%20Video)%20Karan%20Aujla%20I%20Ikky%20%20Latest%20Punjabi%20Songs%202023.mp3?alt=media&token=7eb54bd6-d4a3-4599-979c-e86cd3ddd534'),
('Bitch Im Back', (SELECT artistID FROM artist WHERE name = 'Sidhu Moose Wala'), (SELECT albumID FROM album WHERE name = 'Moosetape'), 'Hip Hop', '00:03:54', 'https://firebasestorage.googleapis.com/v0/b/moseeqify.appspot.com/o/Bitch%20Im%20Back%20(Official%20Audio)%20-%20Sidhu%20Moose%20Wala%20%20Moosetape-W5NgXKe4SJk-160k-1657320800105.mp3?alt=media&token=c455c2c3-270a-4a77-bbcd-100881f050c2'),
('Burberry ', (SELECT artistID FROM artist WHERE name = 'Sidhu Moose Wala'), (SELECT albumID FROM album WHERE name = 'Moosetape'), 'Hip Hop', '00:03:35', 'https://firebasestorage.googleapis.com/v0/b/moseeqify.appspot.com/o/Burberry%20(Official%20Video)%20Sidhu%20Moose%20Wala%20%20Moosetape%20%20The%20Kidd%20%20Teji%20Sandhu-I1Llz8075MA-160k-1657320888286.mp3?alt=media&token=4abfc28f-4b30-4240-b22f-f4787fa8e3bf'),
('Celebrity Killer', (SELECT artistID FROM artist WHERE name = 'Sidhu Moose Wala'), (SELECT albumID FROM album WHERE name = 'Moosetape'), 'Hip Hop', '00:03:35', 'https://firebasestorage.googleapis.com/v0/b/moseeqify.appspot.com/o/Celebrity%20Killer%20(Full%20Video)%20%20Sidhu%20Moose%20Wala%20%20Tion%20Wayne%20%20Raf-Saperra%20%20Moosetape-MyYAglA_Cdk-160k-1657306269745.mp3?alt=media&token=53db7878-4db7-4fb4-881b-466f0c470ea5'),
('Chitta Kurta', (SELECT artistID FROM artist WHERE name = 'Karan Aujla'), (SELECT albumID FROM album WHERE name = 'BTFU'), 'Hip Hop', '00:03:35', 'https://firebasestorage.googleapis.com/v0/b/moseeqify.appspot.com/o/Chitta%20Kurta%20(Full%20video)%20Karan%20Aujla%20feat.%20Gurlez%20Akhtar%20%20Deep%20jandu%20%20Punjabi%20Songs%202019.mp3?alt=media&token=e9b93116-0bb8-49ab-a7b3-a43db0519d04'),
('Dont Look', (SELECT artistID FROM artist WHERE name = 'Karan Aujla'), (SELECT albumID FROM album WHERE name = 'BTFU'), 'Hip Hop', '00:04:09', 'https://firebasestorage.googleapis.com/v0/b/moseeqify.appspot.com/o/Dont%20Look%20(4K%20Video)%20Karan%20Aujla%20%20Rupan%20Bal%20%20Jay%20Trak%20%20Latest%20Punjabi%20Songs%202019.mp3?alt=media&token=0d8dea76-6f43-4ce5-b6f2-4e687a3c5fcc'),
('EVERYBODY HURT', (SELECT artistID FROM artist WHERE name = 'Sidhu Moose Wala'), (SELECT albumID FROM album WHERE name = 'BTFU'), 'Hip Hop', '00:02:50', 'https://firebasestorage.googleapis.com/v0/b/moseeqify.appspot.com/o/EVERYBODY%20HURTS%20%20Sidhu%20Moose%20Wala%20%20Jayb%20%20Official%20Visual%20Video%20%20New%20Song%202022-Eu-CJl1bsIU-160k-1657311806509.mp3?alt=media&token=1f9c6b2c-6e77-4bda-8a8a-49c0fb0f615a'),
('Fk Em All', (SELECT artistID FROM artist WHERE name = 'Sidhu Moose Wala'), (SELECT albumID FROM album WHERE name = 'Moosetape'), 'Hip Hop', '00:03:55', 'https://firebasestorage.googleapis.com/v0/b/moseeqify.appspot.com/o/Fk%20Em%20All%20(Official%20Music%20Video)%20Sidhu%20Moose%20Wala%20%20%20Sunny%20Malton-GzFnLZ2gyBY-160k-1657305258578.mp3?alt=media&token=06ebb70f-be63-4485-82e1-e592f0a96464'),
('G Shit', (SELECT artistID FROM artist WHERE name = 'Sidhu Moose Wala'), (SELECT albumID FROM album WHERE name = 'Moosetape'), 'Hip Hop', '00:04:13', 'https://firebasestorage.googleapis.com/v0/b/moseeqify.appspot.com/o/G%20Shit%20(Full%20Video)%20Sidhu%20Moose%20Wala%20%20Blockboi%20Twitch%20%20The%20Kidd%20%20Sukh%20Sanghera%20%20Moosetape-YPPEZiDF4Xw-160k-1657292715431.mp3?alt=media&token=a468e21c-eb19-4ef2-95a5-787cfc7364ae'),
('GAME', (SELECT artistID FROM artist WHERE name = 'Karan Aujla'), (SELECT albumID FROM album WHERE name = 'Moosetape'), 'Hip Hop', '00:04:46', 'https://firebasestorage.googleapis.com/v0/b/moseeqify.appspot.com/o/GAME%20%20(Full%20Video)%20%20Shooter%20Kahlon%20%20Sidhu%20Moose%20Wala%20%20Hunny%20PK%20Films%20%20Gold%20Media%20%205911%20Records-2L6gsn7rGqI-160k-1657320926529.mp3?alt=media&token=bfdbef92-0341-44a5-ad6a-b84db527a2ef'),
('GOAT', (SELECT artistID FROM artist WHERE name = 'Sidhu Moose Wala'), (SELECT albumID FROM album WHERE name = 'Moosetape'), 'Hip Hop', '00:04:05', 'https://firebasestorage.googleapis.com/v0/b/moseeqify.appspot.com/o/GOAT%20(Full%20Video)%20Sidhu%20Moose%20Wala%20%20Wazir%20Patar%20%20Sukh%20Sanghera%20%20Moosetape-M8vDwlHigJA-160k-1656088226841.mp3?alt=media&token=dc5cee26-8f99-444d-b42a-f6c7f95d5f00'),
('Gangstar', (SELECT artistID FROM artist WHERE name = 'Karan Aujla'), (SELECT albumID FROM album WHERE name = 'BTFU'), 'Hip Hop', '00:03:13', 'https://firebasestorage.googleapis.com/v0/b/moseeqify.appspot.com/o/Gangsta%20-%20Karan%20Aujla%20Ft.%20YG%20_%20Rupan%20Bal%20_%20Yeah%20Proof%20(Official%20Music%20Video).mp3?alt=media&token=36b60e62-0acb-4a3b-8a45-f823a2a89023'),
('Haan Haige', (SELECT artistID FROM artist WHERE name = 'Karan Aujla'), (SELECT albumID FROM album WHERE name = 'BTFU'), 'Hip Hop', '00:03:48', 'https://firebasestorage.googleapis.com/v0/b/moseeqify.appspot.com/o/Haan%20Haige%20aa%20(FULL%20VIDEO)%20KARAN%20AUJLA%20ft.%20Gurlez%20Akhtar%20I%20Rupan%20Bal%20I%20Avvy%20Sra%20I%20Latest%20Song%202020.mp3?alt=media&token=b96229df-8b95-4231-8ddf-859b118eec37'),
('KIWE KADOGE', (SELECT artistID FROM artist WHERE name = 'Karan Aujla'), (SELECT albumID FROM album WHERE name = 'Sidhu Moose Wala'), 'Hip Hop', '00:03:24', 'https://firebasestorage.googleapis.com/v0/b/moseeqify.appspot.com/o/KIWE%20KADOGE%20%20Gulab%20Sidhu%20%20Sidhu%20Moose%20Wala%20%20New%20Punjabi%20Song%202022-V4k3RigFOSw-160k-1657319273773.mp3?alt=media&token=26de27ae-446c-410c-9ba9-5ff1eab9977b'),
('Kya Baat Aa', (SELECT artistID FROM artist WHERE name = 'Karan Aujla'), (SELECT albumID FROM album WHERE name = 'BTFU'), 'Hip Hop', '00:04:15', 'https://firebasestorage.googleapis.com/v0/b/moseeqify.appspot.com/o/Kya%20Baat%20Aa%20_%20Karan%20Aujla%20(Official%20Video)%20Tania%20%20Desi%20Crew%20%20Latest%20Punjabi%20Songs.mp3?alt=media&token=b361db80-bfbd-408e-be5b-615c5e66b8f0'),
('Legend', (SELECT artistID FROM artist WHERE name = 'Sidhu Moose Wala'), (SELECT albumID FROM album WHERE name = 'Moosetape'), 'Hip Hop', '00:04:32', 'https://firebasestorage.googleapis.com/v0/b/moseeqify.appspot.com/o/LEGEND%20-%20SIDHU%20MOOSE%20WALA%20%20The%20Kidd%20%20Gold%20Media%20%20Latest%20Punjabi%20Songs%202020-YZAFd9o3RYQ-160k-1657067771111.mp3?alt=media&token=0eddf2d4-575a-45fe-a156-57aa957febf5'),
('LEVELS', (SELECT artistID FROM artist WHERE name = 'Sidhu Moose Wala'), (SELECT albumID FROM album WHERE name = 'Moosetape'), 'Hip Hop', '00:03:51', 'https://firebasestorage.googleapis.com/v0/b/moseeqify.appspot.com/o/LEVELS%20-%20Official%20Video%20%20Sidhu%20Moose%20Wala%20ft%20Sunny%20Malton%20%20The%20Kidd-tpFljbJxZiw-160k-1655261492873.mp3?alt=media&token=6457dce9-5f84-468a-b938-ef2ce73b48b2');


INSERT INTO Artist (name, bio, profilepiclink)
VALUES ('Atif Aslam', 'Pakistani singer, songwriter, and actor known for soulful voice.', 'https://firebasestorage.googleapis.com/v0/b/moseeqify.appspot.com/o/Atif%20Aslam.jpg?alt=media&token=7e7061e4-8f9c-4d36-b69a-b45e7da7cddd');

INSERT INTO Album (name, artistID, releasedate, coverimagelink)
VALUES ('Best of Atif Aslam', (SELECT artistID FROM artist WHERE name = 'Atif Aslam'), '2020-11-19', 'https://firebasestorage.googleapis.com/v0/b/moseeqify.appspot.com/o/Best%20of%20Atif%20Aslam%20cover%20image.jpg?alt=media&token=736dff53-6f03-480a-9c82-6b51be4ced09');

INSERT INTO Genre (genreName)
    VALUES ('Romantic'),('Sad'),('Pop');


INSERT INTO Song (title, artistID, albumID, genreName, duration, audiolink)
VALUES 
('MOONRISE', (SELECT artistID FROM artist WHERE name = 'Atif Aslam'), (SELECT albumID FROM album WHERE name = 'Best of Atif Aslam'), 'Romantic', '00:03:16', 'https://firebasestorage.googleapis.com/v0/b/moseeqify.appspot.com/o/Moonrise%20(Full%20Video)%20%20Atif%20Aslam%20%20Amy%20Jackson%20%20Raj%20Ranjodh%20%20Tarish%20Music%20%20Atif%20Aslam%20New%20Songs.mp3?alt=media&token=48e186c7-10fb-4ba2-a973-6039576e2c9e'),
('MUSAFIR', (SELECT artistID FROM artist WHERE name = 'Atif Aslam'), (SELECT albumID FROM album WHERE name = 'Best of Atif Aslam'), 'Sad', '00:03:00', 'https://firebasestorage.googleapis.com/v0/b/moseeqify.appspot.com/o/Atif%20Aslam_%20Musafir%20Song%20%20Sweetiee%20Weds%20NRI%20%20Himansh%20Kohli%2C%20Zoya%20Afroz%20%20Palak%20%20%26%20Palash%20Muchhal.mp3?alt=media&token=d2f4e376-08b0-44c1-a283-376a31b99f1a'),
('TERE SANG YARA', (SELECT artistID FROM artist WHERE name = 'Atif Aslam'), (SELECT albumID FROM album WHERE name = 'Best of Atif Aslam'), 'Romantic', '00:04:54', 'https://firebasestorage.googleapis.com/v0/b/moseeqify.appspot.com/o/Tere%20Sang%20Yara.mp3?alt=media&token=85f21a79-9801-480c-9e4f-3229b6ee63e2'),
('TERA HONA LAGA HU', (SELECT artistID FROM artist WHERE name = 'Atif Aslam'), (SELECT albumID FROM album WHERE name = 'Best of Atif Aslam'), 'Romantic', '00:04:54', 'https://firebasestorage.googleapis.com/v0/b/moseeqify.appspot.com/o/Tera%20Hone%20Laga%20Hoon%20%20Atif%20Aslam.mp3?alt=media&token=052cef29-9b0f-4073-9eb9-b4ae9257cf9e'),
('PEHLI DAFA', (SELECT artistID FROM artist WHERE name = 'Atif Aslam'), (SELECT albumID FROM album WHERE name = 'Best of Atif Aslam'), 'Romantic', '00:04:42', 'https://firebasestorage.googleapis.com/v0/b/moseeqify.appspot.com/o/Atif%20Aslam_%20Pehli%20Dafa%20Song%20(Video)%20%20Ileana%20DCruz%20%20Latest%20Hindi%20Song%202017%20%20T-Series.mp3?alt=media&token=c8143ed7-5bdb-4838-b22d-634381a96f71'),
('RAFTA RAFTA', (SELECT artistID FROM artist WHERE name = 'Atif Aslam'), (SELECT albumID FROM album WHERE name = 'Best of Atif Aslam'), 'Romantic', '00:03:33', 'https://firebasestorage.googleapis.com/v0/b/moseeqify.appspot.com/o/RAFTA%20RAFTA%20ATIF%20ASLAM.mp3?alt=media&token=e1958958-4bbe-4b6f-932a-103fb6478a77'),
('DIL DIYAN GALLAN ', (SELECT artistID FROM artist WHERE name = 'Atif Aslam'), (SELECT albumID FROM album WHERE name = 'Best of Atif Aslam'), 'Romantic', '00:03:04', 'https://firebasestorage.googleapis.com/v0/b/moseeqify.appspot.com/o/Dil%20Diyan%20Gallan%20Song.mp3?alt=media&token=42b9e582-6808-48e3-a0f3-44953bb391b1'),
('TU JAANE NA', (SELECT artistID FROM artist WHERE name = 'Atif Aslam'), (SELECT albumID FROM album WHERE name = 'Best of Atif Aslam'), 'Romantic', '00:06:03', 'https://firebasestorage.googleapis.com/v0/b/moseeqify.appspot.com/o/Tu%20Jaane%20Na.mp3?alt=media&token=51136eb0-35c6-4595-8d09-64ce9b7c79bb'),
('BARISHEIN', (SELECT artistID FROM artist WHERE name = 'Atif Aslam'), (SELECT albumID FROM album WHERE name = 'Best of Atif Aslam'), 'Romantic', '00:04:17', 'https://firebasestorage.googleapis.com/v0/b/moseeqify.appspot.com/o/BARISHEIN.mp3?alt=media&token=b962f7cd-c572-4eae-870f-cbb46e680e9b'),
('VE KAMLAYA', (SELECT artistID FROM artist WHERE name = 'Atif Aslam'), (SELECT albumID FROM album WHERE name = 'Best of Atif Aslam'), 'Romantic', '00:04:44', 'https://firebasestorage.googleapis.com/v0/b/moseeqify.appspot.com/o/Ve%20Kamleya.mp3?alt=media&token=ba64b30c-8ce2-44f3-a2e7-ca4b4aef9173'),
('KUCH IS TARAH', (SELECT artistID FROM artist WHERE name = 'Atif Aslam'), (SELECT albumID FROM album WHERE name = 'Best of Atif Aslam'), 'Pop', '00:05:13', 'https://firebasestorage.googleapis.com/v0/b/moseeqify.appspot.com/o/Kuch%20Is%20Tarha.mp3?alt=media&token=26b93d4f-1551-4610-ba9f-1b8f330b3715'),
('MAIN AGAR', (SELECT artistID FROM artist WHERE name = 'Atif Aslam'), (SELECT albumID FROM album WHERE name = 'Best of Atif Aslam'), 'Romantic', '00:03:26', 'https://firebasestorage.googleapis.com/v0/b/moseeqify.appspot.com/o/Main%20Agar.mp3?alt=media&token=53f2648e-961c-49ed-b59e-a6ec60cd928a'),
('TERE BIN', (SELECT artistID FROM artist WHERE name = 'Atif Aslam'), (SELECT albumID FROM album WHERE name = 'Best of Atif Aslam'), 'Sad', '00:06:05', 'https://firebasestorage.googleapis.com/v0/b/moseeqify.appspot.com/o/TERE%20BIN.mp3?alt=media&token=3425c8f8-5c09-48ed-a844-6674daddacb6'),
('WO LAMHE', (SELECT artistID FROM artist WHERE name = 'Atif Aslam'), (SELECT albumID FROM album WHERE name = 'Best of Atif Aslam'), 'Romantic', '00:05:31', 'https://firebasestorage.googleapis.com/v0/b/moseeqify.appspot.com/o/Woh%20Lamhe%20Woh%20Baatein.mp3?alt=media&token=85e5abb4-bc63-4835-a107-40434ba32a3b');
